Time,L,F,SD
2,0.94979,0.34293481544411,0.122977033922792
2.52631578947368,0.961695632405112,0.484136064636308,0.0779279615323939
3.05263157894737,0.973588826017229,0.723492486006944,0.123445915428149
3.57894736842105,0.985454274967196,0.853249243479779,0.118425807800911
4.10526315789474,0.997417934910102,1.01810741616306,0.136080223789654
4.63157894736842,1.00919749939365,1.05272883572244,0.134637001493905
5.15789473684211,1.02103754700602,1.33968845888056,0.208579279778375
5.68421052631579,1.03292913315144,1.48224075586958,0.219168130807643
6.21052631578947,1.0448830360694,1.63458810483632,0.219589615706759
6.73684210526316,1.05675538562473,2.07441440468397,0.330884876688658
7.26315789473684,1.06864383000437,2.14085373197219,0.294780679508649
7.78947368421053,1.08052730870389,2.6281344700076,0.327609980185879
8.31578947368421,1.0923475486398,3.07605776573182,0.427096965489439
8.84210526315789,1.10422898673276,3.55733927961992,0.508956120618664
9.36842105263158,1.11612213223214,3.95471028415555,0.594750032804421
9.89473684210526,1.1279948717639,4.7639670521327,0.730899716900956
10.4210526315789,1.13989425557125,5.56136234227523,0.854223019610379
10.9473684210526,1.15178325578489,6.58459438517853,1.10367227202986
11.4736842105263,1.16368443619985,7.89120707888139,1.37122828224077
12,1.17545,9.51562328117746,1.66161560346094
12.2484371005459,1.17545,9.10479796795908,1.59228692733927
12.5030463003845,1.17543,9.09351163033786,1.60856455744433
12.7639809373611,1.17542063588391,8.91284055775524,1.59465416850242
13.031398158802,1.17543,8.77704456664695,1.57801203616881
13.305459016156,1.1754304747219,8.70550380016943,1.52145752545951
13.5863285619874,1.17545365310814,8.65155977233532,1.48747005532451
13.8741759493786,1.17545,8.5246523815024,1.5164971549031
14.1691745338021,1.17543,8.58715782272415,1.52837896141823
14.4715019775235,1.17543432997047,8.48778005245075,1.49963242730291
14.7813403565983,1.17543,8.39964783192077,1.46872934989169
15.0988762705266,1.17542871172001,8.31276506747214,1.46673313568392
15.4243009546325,1.17545,8.39261386530674,1.37792933502909
15.7578103952349,1.17543814719822,8.27332352157931,1.41410952395027
16.0996054476801,1.1754496460429,8.22850227692282,1.44927265538973
16.4498919573063,1.17543,8.15651902397962,1.41780853942958
16.8088808834137,1.17545,8.16378135266559,1.45196002687744
17.1767884263142,1.17542876877899,8.0468614944868,1.43478492256229
17.5538361575373,1.17543,8.03300222788755,1.40970651425996
17.9402511532717,1.1754301463176,7.99047322639017,1.39679347939046
18.3362661311209,1.17543319790096,8.00177354703168,1.45427472769614
18.742119590257,1.17543773515744,7.93790638635164,1.42084349216975
19.1580559550566,1.17545,7.93759735640305,1.43865145203147
19.5843257223044,1.17542049653079,7.98958468352799,1.38725440175383
20.0211856120547,1.17545573952805,7.89357215617252,1.41468452113571
20.4688987222405,1.17544751665548,7.88886018840318,1.45981609584977
20.9277346871233,1.17542429800681,7.68083930568708,1.4045420204494
21.3979698396804,1.17545,7.81109646249544,1.38503603897427
21.879887378025,1.17545,7.74728560871309,1.42941088976279
22.3737775359625,1.17543,7.71389428285395,1.43232522312841
22.8799377577826,1.17543,7.73983702374762,1.37250517975965
23.3986728773947,1.1754217395212,7.75751608225318,1.38470038684449
23.9302953019137,1.17543020104732,7.67732029197724,1.39866914267788
24.4751251998059,1.17545,7.73023719968149,1.37040079929332
25.0334906937104,1.17545,7.67802298516959,1.39924168629857
25.6057280580499,1.17542942566508,7.74794674349979,1.37614366126031
26.1921819215515,1.17543,7.68169784948973,1.35933816987527
26.7932054747984,1.17543587950675,7.67704789152299,1.36615014048813
27.409160682938,1.17543,7.4725794944846,1.36362407692483
28.0404185036754,1.17545988714573,7.70610267629346,1.33861349125412
28.6873591106808,1.17542301003402,7.53214651360097,1.32617279557283
29.3503721225491,1.17543,7.44401563716348,1.32376699095569
30.0298568374468,1.17545,7.36626032220035,1.3193055005541
30.7262224735879,1.17543,7.49188536305103,1.34449622719662
31.4398884156852,1.17545,7.41027520041284,1.30369225449085
32.1712844675239,1.17545,7.4045893163121,1.36832933532824
32.9208511108095,1.1754315412436,7.41862530754903,1.34114923014556
33.6890397704475,1.17543,7.47769656571085,1.3364846057218
34.4763130864128,1.17543,7.43495146403485,1.33555806564874
35.2831451923735,1.17542195321472,7.55741661731637,1.3959207279552
36.1100220012376,1.17544999884168,7.40635405243816,1.30388331424217
36.9574414977919,1.17543,7.39266143989721,1.33855486449097
37.8259140386132,1.17543,7.39253035968973,1.33955695559637
38.715962659429,1.17545,7.28082658676052,1.34258474212529
39.6281233901149,1.17543,7.31649638556958,1.37325602788103
40.5629455775171,1.17543735484359,7.35571262931606,1.31875569712285
41.5209922162958,1.17542307529696,7.3462360445675,1.31739319123223
42.502840287987,1.17542257230849,7.30195545274623,1.32323676998956
43.5090811084889,1.17543341067248,7.15964623028723,1.34208872999679
44.5403206841805,1.17544976374114,7.29550822673677,1.29376100193931
45.5971800768875,1.17543809093953,7.21146700335719,1.32691884201164
46.6802957779152,1.17545,7.20915748071527,1.37480450864382
47.7903200913749,1.17543,7.27703245406073,1.30995724436458
48.9279215270317,1.17543,7.19671889481475,1.22403203706226
50.0937852029137,1.17545,7.2031031141909,1.32614913075608
51.2886132579224,1.17545,7.05598857712338,1.26664577788071
52.5131252746949,1.17545511647214,7.20403998087819,1.28152178311693
53.7680587129704,1.17543670353272,7.22642139095043,1.28887906812818
55.0541693537242,1.17545073626809,7.0760411893346,1.2854879140464
56.3722317543351,1.17543839670259,7.13967491044475,1.27853397374159
57.7230397150606,1.1754565939908,7.11045599852765,1.26787658123023
59.1074067571018,1.17545,7.10682732181705,1.28204527796954
60.5261666125445,1.17546,6.97410817458084,1.27844680050359
61.980173726473,1.17543,6.96076162276594,1.29499521428026
63.4703037715572,1.17545082086611,7.02099403722912,1.27950427007427
64.9974541754251,1.17544027491666,7.06355712411914,1.31499299720262
66.5625446611365,1.17545,7.04489957658158,1.2875186688179
68.1665178010841,1.17545,7.0258909657909,1.23260228080568
69.8103395846558,1.17545960365301,6.95074516766573,1.30943052630623
71.495,1.17545,6.95024657910842,1.20853799629331
