Time,Velocity,ML
0,0,0.95
14.15,-15,0.95
14.16,0,0.800000000000003
24.12,0.015,0.800000000000003
34.12,0,0.950000000000003
108.416,45,0.950000000000003
108.421011111111,0,1.17550000000024
138.416,-45,1.17550000000024
138.421011111111,0,0.950000000000003
138.421011111111,45,0.950000000000003
138.426022222222,0,1.17550000000024
168.416,-45,1.17550000000024
168.424344444444,0,0.80000000000014
188.416,0.015,0.80000000000014
198.416,0,0.95000000000014
200,0,0.95000000000014
280.36,45,0.95000000000014
280.365011111111,0,1.17550000000038
310.36,-45,1.17550000000038
310.365011111111,0,0.95000000000014
310.370011111111,45,0.95000000000014
310.375022222222,0,1.17550000000038
340.36,-45,1.17550000000038
340.368344444444,0,0.800000000000276
360.36,0.015,0.800000000000276
370.36,0,0.950000000000276
371.944,0,0.950000000000276
452.353,45,0.950000000000276
452.358011111111,0,1.17550000000051
482.353,-45,1.17550000000051
482.358011111111,0,0.950000000000276
482.368011111111,45,0.950000000000276
482.373022222222,0,1.17550000000051
512.353,-45,1.17550000000051
512.361344444444,0,0.800000000000412
532.353,0.015,0.800000000000412
542.353,0,0.950000000000413
543.937,0,0.950000000000413
624.421,45,0.950000000000413
624.426011111111,0,1.17550000000065
654.421,-45,1.17550000000065
654.426011111111,0,0.950000000000413
654.446011111111,45,0.950000000000413
654.451022222222,0,1.17550000000065
684.421,-45,1.17550000000065
684.429344444444,0,0.800000000000549
704.421,0.015,0.800000000000549
714.421,0,0.950000000000549
716.005,0,0.950000000000549
796.415,45,0.950000000000549
796.420011111111,0,1.17550000000079
826.415,-45,1.17550000000079
826.420011111111,0,0.950000000000549
826.470011111111,45,0.950000000000549
826.475022222222,0,1.17550000000079
856.415,-45,1.17550000000079
856.423344444444,0,0.800000000000685
876.415,0.015,0.800000000000685
886.415,0,0.950000000000685
887.999,0,0.950000000000685
968.429,45,0.950000000000685
968.434011111111,0,1.17550000000092
998.429,-45,1.17550000000092
998.434011111111,0,0.950000000000685
998.534011111111,45,0.950000000000685
998.539022222222,0,1.17550000000092
1028.429,-45,1.17550000000092
1028.43734444444,0,0.800000000000822
1048.429,0.015,0.800000000000822
1058.429,0,0.950000000000822
1060.013,0,0.950000000000822
1140.399,45,0.950000000000822
1140.40401111111,0,1.17550000000106
1170.399,-45,1.17550000000106
1170.40401111111,0,0.950000000000822
1170.60401111111,45,0.950000000000822
1170.60902222222,0,1.17550000000106
1200.399,-45,1.17550000000106
1200.40734444444,0,0.800000000000958
1220.399,0.015,0.800000000000958
1230.399,0,0.950000000000958
1231.983,0,0.950000000000958
1312.431,45,0.950000000000958
1312.43601111111,0,1.1755000000012
1342.431,-45,1.1755000000012
1342.43601111111,0,0.950000000000958
1342.93601111111,45,0.950000000000958
1342.94102222222,0,1.1755000000012
1372.431,-45,1.1755000000012
1372.43934444444,0,0.800000000001095
1392.431,0.015,0.800000000001095
1402.431,0,0.950000000001095
1404.015,0,0.950000000001095
