Time,Velocity
-100,0
11.76,-5.01474999999989
11.8,0
21.6,0.0144634615384615
32,0
106.825,0.0022568
206.825,0
266.625,-0.940550000000054
267.025,0
286.525,0.0143257142857143
297.025,0
376.825,0.022571
386.825,0
446.625,-0.940400000000054
447.025,0
466.525,0.0143257142857143
477.025,0
556.857,0.22573
557.857,0
616.657,-0.940425000000054
617.057,0
636.557,0.0143295238095238
647.057,0
726.825,2.25779999999949
726.925,0
786.725,-0.940550000000054
787.125,0
806.625,0.0143361904761905
817.125,0
899.425,2.25329999999949
899.525,0
1199.325,-0.940424999999786
1199.725,0
1219.225,0.014327619047619
1229.725,0
1307.825,0.22567
1308.825,0
1367.625,-0.940374999999786
1368.025,0
1387.525,0.0143285714285714
1398.025,0
1477.825,0.022571
1487.825,0
1547.625,-0.940424999999786
1548.025,0
1567.525,0.014327619047619
1578.025,0
1657.925,0.002257
1757.925,0
1797.725,0